{
  "ID": "a27ef576-f3e9-4a3f-8d3d-4898c47c9450",
  "Version": "2.3.0.1",
  "Name": "ChatNode2",
  "Content": {
    "Content": {
      "Animation": {
        "Duration": 0,
        "Speed": 1.0,
        "Timelines": [],
        "ctype": "TimelineActionData"
      },
      "AnimationList": [],
      "ObjectData": {
        "Tag": 6,
        "Children": [
          {
            "FileData": {
              "Type": "Normal",
              "Path": "comment_you.png",
              "Plist": ""
            },
            "BlendFunc": {
              "Src": 1,
              "Dst": 771
            },
            "AnchorPoint": {
              "ScaleX": 0.5,
              "ScaleY": 0.5
            },
            "Position": {
              "X": 138.608,
              "Y": -87.4186
            },
            "Scale": {
              "ScaleX": 1.0,
              "ScaleY": 1.0
            },
            "CColor": {},
            "IconVisible": false,
            "PrePosition": {
              "X": 0.0,
              "Y": 0.0
            },
            "PreSize": {
              "X": 0.0,
              "Y": 0.0
            },
            "LeftMargin": 125.108,
            "RightMargin": -152.108,
            "TopMargin": 70.9186,
            "BottomMargin": -103.9186,
            "Tag": 13,
            "ActionTag": 1011578454,
            "Size": {
              "X": 27.0,
              "Y": 33.0
            },
            "Name": "comment_you_2",
            "ctype": "SpriteObjectData"
          },
          {
            "FileData": {
              "Type": "Normal",
              "Path": "chat_you_bg.png",
              "Plist": ""
            },
            "BlendFunc": {
              "Src": 1,
              "Dst": 771
            },
            "AnchorPoint": {
              "ScaleX": 0.5,
              "ScaleY": 0.5
            },
            "Position": {
              "X": 337.6184,
              "Y": -86.5116
            },
            "Scale": {
              "ScaleX": 1.0,
              "ScaleY": 1.0
            },
            "CColor": {},
            "IconVisible": false,
            "PrePosition": {
              "X": 0.0,
              "Y": 0.0
            },
            "PreSize": {
              "X": 0.0,
              "Y": 0.0
            },
            "LeftMargin": 152.1184,
            "RightMargin": -523.1184,
            "TopMargin": 43.5116,
            "BottomMargin": -129.5116,
            "Tag": 14,
            "ActionTag": 793509077,
            "Size": {
              "X": 371.0,
              "Y": 86.0
            },
            "Name": "chat_you_bg_3",
            "ctype": "SpriteObjectData"
          },
          {
            "FileData": {
              "Type": "Normal",
              "Path": "icon1.png",
              "Plist": ""
            },
            "BlendFunc": {
              "Src": 1,
              "Dst": 771
            },
            "AnchorPoint": {},
            "Position": {
              "X": 14.3327,
              "Y": -112.9908
            },
            "Scale": {
              "ScaleX": 1.0,
              "ScaleY": 1.0
            },
            "CColor": {},
            "IconVisible": false,
            "PrePosition": {
              "X": 0.0,
              "Y": 0.0
            },
            "PreSize": {
              "X": 0.0,
              "Y": 0.0
            },
            "LeftMargin": 14.3327,
            "RightMargin": -114.3327,
            "TopMargin": 12.9908,
            "BottomMargin": -112.9908,
            "Tag": 16,
            "ActionTag": -380454170,
            "Size": {
              "X": 100.0,
              "Y": 100.0
            },
            "Name": "icon1_5",
            "ctype": "SpriteObjectData"
          },
          {
            "FontSize": 20,
            "LabelText": "役割名",
            "OutlineSize": 0,
            "OutlineColor": {
              "G": 0,
              "B": 0
            },
            "ShadowColor": {
              "R": 110,
              "G": 110,
              "B": 110
            },
            "ShadowOffsetX": 0,
            "ShadowOffsetY": 0,
            "AnchorPoint": {
              "ScaleX": 0.5,
              "ScaleY": 0.5
            },
            "Position": {
              "X": 193.808,
              "Y": -27.8809
            },
            "Scale": {
              "ScaleX": 1.0,
              "ScaleY": 1.0
            },
            "CColor": {
              "R": 102,
              "G": 102,
              "B": 102
            },
            "IconVisible": false,
            "PrePosition": {
              "X": 0.0,
              "Y": 0.0
            },
            "PreSize": {
              "X": 0.0,
              "Y": 0.0
            },
            "LeftMargin": 163.808,
            "RightMargin": -223.808,
            "TopMargin": 16.3809,
            "BottomMargin": -39.3809,
            "Tag": 17,
            "ActionTag": 34744999,
            "Size": {
              "X": 60.0,
              "Y": 23.0
            },
            "Name": "Text_1",
            "ctype": "TextObjectData"
          },
          {
            "FontSize": 20,
            "IsCustomSize": true,
            "LabelText": "",
            "PlaceHolderText": "Text Field",
            "MaxLengthText": 10,
            "TouchEnable": true,
            "AnchorPoint": {
              "ScaleX": 0.5,
              "ScaleY": 0.5
            },
            "Position": {
              "X": 338.79,
              "Y": -87.6913
            },
            "Scale": {
              "ScaleX": 1.0,
              "ScaleY": 1.0
            },
            "CColor": {
              "R": 102,
              "G": 102,
              "B": 102
            },
            "IconVisible": false,
            "PrePosition": {
              "X": 0.0,
              "Y": 0.0
            },
            "PreSize": {
              "X": 0.0,
              "Y": 0.0
            },
            "LeftMargin": 168.79,
            "RightMargin": -508.79,
            "TopMargin": 62.6913,
            "BottomMargin": -112.6913,
            "Tag": 19,
            "ActionTag": -331372366,
            "Size": {
              "X": 340.0,
              "Y": 50.0
            },
            "Name": "TextField_1",
            "ctype": "TextFieldObjectData"
          }
        ],
        "Size": {
          "X": 0.0,
          "Y": 0.0
        },
        "Name": "Node",
        "ctype": "SingleNodeObjectData"
      },
      "UsedResources": [
        "comment_you.png",
        "icon1.png",
        "chat_you_bg.png"
      ],
      "ctype": "GameProjectData"
    }
  },
  "Type": "Node"
}