{
  "ID": "a2ee0952-26b5-49ae-8bf9-4f1d6279b798",
  "Version": "2.3.0.1",
  "Name": "MainScene",
  "Content": {
    "Content": {
      "Animation": {
        "Duration": 0,
        "Speed": 1.0,
        "Timelines": [],
        "ctype": "TimelineActionData"
      },
      "AnimationList": [],
      "ObjectData": {
        "Children": [
          {
            "FileData": {
              "Type": "Normal",
              "Path": "morning.png",
              "Plist": ""
            },
            "BlendFunc": {
              "Src": 1,
              "Dst": 771
            },
            "AnchorPoint": {
              "ScaleX": 0.5,
              "ScaleY": 0.5
            },
            "Position": {
              "X": 321.0,
              "Y": 478.4999
            },
            "Scale": {
              "ScaleX": 1.0,
              "ScaleY": 1.0
            },
            "CColor": {},
            "IconVisible": false,
            "PrePosition": {
              "X": 0.5016,
              "Y": 0.4984
            },
            "PreSize": {
              "X": 0.0,
              "Y": 0.0
            },
            "LeftMargin": 1.0,
            "RightMargin": -1.0,
            "TopMargin": 1.5001,
            "BottomMargin": -1.5001,
            "Tag": 18,
            "ActionTag": 1693529995,
            "Size": {
              "X": 640.0,
              "Y": 960.0
            },
            "Name": "morning_1",
            "ctype": "SpriteObjectData"
          }
        ],
        "Size": {
          "X": 640.0,
          "Y": 960.0
        },
        "Name": "Scene",
        "ctype": "SingleNodeObjectData"
      },
      "UsedResources": [
        "morning.png"
      ],
      "ctype": "GameProjectData"
    }
  },
  "Type": "Scene"
}