{
  "ID": "56aa6870-75ea-421a-ab57-52c707877cc0",
  "Version": "2.3.0.1",
  "Name": "NextScene",
  "Content": {
    "Content": {
      "Animation": {
        "Duration": 0,
        "Speed": 1.0,
        "Timelines": [],
        "ctype": "TimelineActionData"
      },
      "AnimationList": [],
      "ObjectData": {
        "Tag": 19,
        "Children": [
          {
            "FileData": {
              "Type": "Normal",
              "Path": "common.png",
              "Plist": ""
            },
            "BlendFunc": {
              "Src": 1,
              "Dst": 771
            },
            "AnchorPoint": {
              "ScaleX": 0.5,
              "ScaleY": 0.5
            },
            "Position": {
              "X": 321.0,
              "Y": 479.5
            },
            "Scale": {
              "ScaleX": 1.0,
              "ScaleY": 1.0
            },
            "CColor": {},
            "IconVisible": false,
            "PrePosition": {
              "X": 0.5016,
              "Y": 0.4995
            },
            "PreSize": {
              "X": 0.0,
              "Y": 0.0
            },
            "LeftMargin": 1.0,
            "RightMargin": -1.0,
            "TopMargin": 0.5,
            "BottomMargin": -0.5,
            "Tag": 20,
            "ActionTag": 449946136,
            "Size": {
              "X": 640.0,
              "Y": 960.0
            },
            "Name": "common_1",
            "ctype": "SpriteObjectData"
          },
          {
            "FontSize": 24,
            "LabelText": "matching...",
            "OutlineColor": {
              "G": 0,
              "B": 0
            },
            "ShadowColor": {
              "R": 110,
              "G": 110,
              "B": 110
            },
            "AnchorPoint": {
              "ScaleX": 0.5,
              "ScaleY": 0.5
            },
            "Position": {
              "X": 315.0001,
              "Y": 809.3704
            },
            "Scale": {
              "ScaleX": 1.0,
              "ScaleY": 1.0
            },
            "CColor": {
              "R": 0,
              "G": 0,
              "B": 0
            },
            "IconVisible": false,
            "PrePosition": {
              "X": 0.4922,
              "Y": 0.8431
            },
            "PreSize": {
              "X": 0.0,
              "Y": 0.0
            },
            "LeftMargin": 256.5001,
            "RightMargin": 266.4999,
            "TopMargin": 136.6296,
            "BottomMargin": 795.3704,
            "Tag": 21,
            "ActionTag": 2075528571,
            "Size": {
              "X": 117.0,
              "Y": 28.0
            },
            "Name": "Text_1",
            "ctype": "TextObjectData"
          },
          {
            "FontSize": 24,
            "LabelText": "",
            "OutlineColor": {
              "G": 0,
              "B": 0
            },
            "ShadowColor": {
              "R": 110,
              "G": 110,
              "B": 110
            },
            "AnchorPoint": {
              "ScaleX": 0.5,
              "ScaleY": 0.5
            },
            "Position": {
              "X": 313.41,
              "Y": 356.414
            },
            "Scale": {
              "ScaleX": 1.0,
              "ScaleY": 1.0
            },
            "CColor": {
              "R": 0,
              "G": 0,
              "B": 0
            },
            "IconVisible": false,
            "PrePosition": {
              "X": 0.4897,
              "Y": 0.3713
            },
            "PreSize": {
              "X": 0.0,
              "Y": 0.0
            },
            "LeftMargin": 313.41,
            "RightMargin": 326.59,
            "TopMargin": 603.586,
            "BottomMargin": 356.414,
            "Tag": 9,
            "ActionTag": 779299859,
            "Size": {
              "X": 0.0,
              "Y": 0.0
            },
            "Name": "Text_2_0",
            "ctype": "TextObjectData"
          },
          {
            "FontSize": 24,
            "ButtonText": "相手を10回笑わせろ！",
            "TextColor": {
              "R": 65,
              "G": 65,
              "B": 70
            },
            "DisabledFileData": {
              "Type": "Normal",
              "Path": "button2_bg.png",
              "Plist": ""
            },
            "PressedFileData": {
              "Type": "Normal",
              "Path": "button2_bg.png",
              "Plist": ""
            },
            "NormalFileData": {
              "Type": "Normal",
              "Path": "button_bg.png",
              "Plist": ""
            },
            "Scale9Enable": true,
            "Scale9OriginX": 15,
            "Scale9OriginY": 11,
            "Scale9Width": 299,
            "Scale9Height": 75,
            "OutlineColor": {
              "G": 0,
              "B": 0
            },
            "ShadowColor": {
              "R": 110,
              "G": 110,
              "B": 110
            },
            "TouchEnable": true,
            "AnchorPoint": {
              "ScaleX": 0.5,
              "ScaleY": 0.5
            },
            "Position": {
              "X": 312.1351,
              "Y": 669.667
            },
            "Scale": {
              "ScaleX": 1.0,
              "ScaleY": 1.0
            },
            "CColor": {},
            "IconVisible": false,
            "PrePosition": {
              "X": 0.4877,
              "Y": 0.6976
            },
            "PreSize": {
              "X": 0.5141,
              "Y": 0.101
            },
            "LeftMargin": 147.6351,
            "RightMargin": 163.3649,
            "TopMargin": 241.833,
            "BottomMargin": 621.167,
            "CallBackType": "Touch",
            "CallBackName": "test",
            "Tag": 17,
            "ActionTag": 535472861,
            "Size": {
              "X": 329.0,
              "Y": 97.0
            },
            "Name": "Button_2",
            "ctype": "ButtonObjectData"
          },
          {
            "FontSize": 24,
            "ButtonText": "会話を5回以上しろ！",
            "TextColor": {
              "R": 65,
              "G": 65,
              "B": 70
            },
            "DisabledFileData": {
              "Type": "Normal",
              "Path": "button2_bg.png",
              "Plist": ""
            },
            "PressedFileData": {
              "Type": "Normal",
              "Path": "button2_bg.png",
              "Plist": ""
            },
            "NormalFileData": {
              "Type": "Normal",
              "Path": "button_bg.png",
              "Plist": ""
            },
            "Scale9Enable": true,
            "Scale9OriginX": 15,
            "Scale9OriginY": 11,
            "Scale9Width": 299,
            "Scale9Height": 75,
            "OutlineColor": {
              "G": 0,
              "B": 0
            },
            "ShadowColor": {
              "R": 110,
              "G": 110,
              "B": 110
            },
            "TouchEnable": true,
            "AnchorPoint": {
              "ScaleX": 0.5,
              "ScaleY": 0.5
            },
            "Position": {
              "X": 308.9709,
              "Y": 520.7137
            },
            "Scale": {
              "ScaleX": 1.0,
              "ScaleY": 1.0
            },
            "CColor": {},
            "IconVisible": false,
            "PrePosition": {
              "X": 0.4828,
              "Y": 0.5424
            },
            "PreSize": {
              "X": 0.5141,
              "Y": 0.101
            },
            "LeftMargin": 144.4709,
            "RightMargin": 166.5291,
            "TopMargin": 390.7863,
            "BottomMargin": 472.2137,
            "Tag": 19,
            "ActionTag": 1494354433,
            "Size": {
              "X": 329.0,
              "Y": 97.0
            },
            "Name": "Button_2_0",
            "ctype": "ButtonObjectData"
          },
          {
            "FontSize": 24,
            "ButtonText": "相手に連続x回喋らせろ！\n（待機時間15秒）",
            "TextColor": {
              "R": 65,
              "G": 65,
              "B": 70
            },
            "DisabledFileData": {
              "Type": "Normal",
              "Path": "button2_bg.png",
              "Plist": ""
            },
            "PressedFileData": {
              "Type": "Normal",
              "Path": "button2_bg.png",
              "Plist": ""
            },
            "NormalFileData": {
              "Type": "Normal",
              "Path": "button_bg.png",
              "Plist": ""
            },
            "Scale9Enable": true,
            "Scale9OriginX": 15,
            "Scale9OriginY": 11,
            "Scale9Width": 299,
            "Scale9Height": 75,
            "OutlineColor": {
              "G": 0,
              "B": 0
            },
            "ShadowColor": {
              "R": 110,
              "G": 110,
              "B": 110
            },
            "TouchEnable": true,
            "AnchorPoint": {
              "ScaleX": 0.5,
              "ScaleY": 0.5
            },
            "Position": {
              "X": 313.1202,
              "Y": 377.6105
            },
            "Scale": {
              "ScaleX": 1.0,
              "ScaleY": 1.0
            },
            "CColor": {},
            "IconVisible": false,
            "PrePosition": {
              "X": 0.4893,
              "Y": 0.3933
            },
            "PreSize": {
              "X": 0.5141,
              "Y": 0.101
            },
            "LeftMargin": 148.6202,
            "RightMargin": 162.3798,
            "TopMargin": 533.8895,
            "BottomMargin": 329.1105,
            "Tag": 20,
            "ActionTag": -915736513,
            "Size": {
              "X": 329.0,
              "Y": 97.0
            },
            "Name": "Button_2_0_0",
            "ctype": "ButtonObjectData"
          },
          {
            "FontSize": 48,
            "ButtonText": "Game Start！",
            "TextColor": {
              "R": 65,
              "G": 65,
              "B": 70
            },
            "DisabledFileData": {
              "Type": "Normal",
              "Path": "button2_bg.png",
              "Plist": ""
            },
            "PressedFileData": {
              "Type": "Normal",
              "Path": "button2_bg.png",
              "Plist": ""
            },
            "NormalFileData": {
              "Type": "Normal",
              "Path": "button_bg.png",
              "Plist": ""
            },
            "Scale9Enable": true,
            "Scale9OriginX": 15,
            "Scale9OriginY": 11,
            "Scale9Width": 299,
            "Scale9Height": 75,
            "OutlineColor": {
              "G": 0,
              "B": 0
            },
            "ShadowColor": {
              "R": 110,
              "G": 110,
              "B": 110
            },
            "TouchEnable": true,
            "AnchorPoint": {
              "ScaleX": 0.5,
              "ScaleY": 0.5
            },
            "Position": {
              "X": 318.7324,
              "Y": 202.3283
            },
            "Scale": {
              "ScaleX": 1.0,
              "ScaleY": 1.0
            },
            "CColor": {},
            "IconVisible": false,
            "PrePosition": {
              "X": 0.498,
              "Y": 0.2108
            },
            "PreSize": {
              "X": 0.7031,
              "Y": 0.1146
            },
            "LeftMargin": 93.7324,
            "RightMargin": 96.2676,
            "TopMargin": 702.6717,
            "BottomMargin": 147.3283,
            "Tag": 21,
            "ActionTag": -81408561,
            "Size": {
              "X": 450.0,
              "Y": 110.0
            },
            "Name": "Button_2_0_0_0",
            "ctype": "ButtonObjectData"
          }
        ],
        "Size": {
          "X": 640.0,
          "Y": 960.0
        },
        "Name": "Scene",
        "ctype": "SingleNodeObjectData"
      },
      "UsedResources": [
        "button_bg.png",
        "button2_bg.png",
        "common.png"
      ],
      "ctype": "GameProjectData"
    }
  },
  "Type": "Scene"
}