{
  "ID": "e18503c7-1e4e-4ae4-8147-2090f6ab0373",
  "Version": "2.3.0.1",
  "Name": "TitleNode",
  "Content": {
    "Content": {
      "Animation": {
        "Duration": 0,
        "Speed": 1.0,
        "Timelines": [],
        "ctype": "TimelineActionData"
      },
      "AnimationList": [
        {
          "StartIndex": 0,
          "EndIndex": 60,
          "Name": "animation0",
          "ctype": "AnimationInfoData"
        }
      ],
      "ObjectData": {
        "Tag": 9,
        "Children": [
          {
            "FileData": {
              "Type": "Normal",
              "Path": "tema_bg.png",
              "Plist": ""
            },
            "BlendFunc": {
              "Src": 1,
              "Dst": 771
            },
            "AnchorPoint": {
              "ScaleX": 0.5,
              "ScaleY": 0.5
            },
            "Position": {
              "X": 165.0,
              "Y": -42.0
            },
            "Scale": {
              "ScaleX": 1.0,
              "ScaleY": 1.0
            },
            "CColor": {},
            "IconVisible": false,
            "PrePosition": {
              "X": 0.0,
              "Y": 0.0
            },
            "PreSize": {
              "X": 0.0,
              "Y": 0.0
            },
            "LeftMargin": -110.0,
            "RightMargin": -440.0,
            "TopMargin": -238.5,
            "BottomMargin": -322.5,
            "Tag": 10,
            "ActionTag": -2037793335,
            "Size": {
              "X": 550.0,
              "Y": 561.0
            },
            "Name": "tema_bg_1",
            "ctype": "SpriteObjectData"
          },
          {
            "FontSize": 100,
            "LabelText": "    5    ",
            "OutlineSize": 0,
            "OutlineColor": {
              "G": 0,
              "B": 0
            },
            "ShadowColor": {
              "R": 110,
              "G": 110,
              "B": 110
            },
            "ShadowOffsetX": 0,
            "ShadowOffsetY": 0,
            "AnchorPoint": {
              "ScaleX": 0.5,
              "ScaleY": 0.5
            },
            "Position": {
              "X": 163.5075,
              "Y": -215.1669
            },
            "Scale": {
              "ScaleX": 1.0,
              "ScaleY": 1.0
            },
            "CColor": {
              "R": 0,
              "G": 0,
              "B": 0
            },
            "IconVisible": false,
            "PrePosition": {
              "X": 0.0,
              "Y": 0.0
            },
            "PreSize": {
              "X": 0.0,
              "Y": 0.0
            },
            "LeftMargin": 25.0075,
            "RightMargin": -302.0075,
            "TopMargin": 158.6669,
            "BottomMargin": -271.6669,
            "Tag": 17,
            "ActionTag": 1976933778,
            "Size": {
              "X": 277.0,
              "Y": 113.0
            },
            "Name": "Text_6",
            "ctype": "TextObjectData"
          },
          {
            "FontSize": 36,
            "LabelText": "会話を5回すればクリア！",
            "OutlineSize": 0,
            "OutlineColor": {
              "G": 0,
              "B": 0
            },
            "ShadowColor": {
              "R": 110,
              "G": 110,
              "B": 110
            },
            "ShadowOffsetX": 0,
            "ShadowOffsetY": 0,
            "AnchorPoint": {
              "ScaleX": 0.5,
              "ScaleY": 0.5
            },
            "Position": {
              "X": 163.5066,
              "Y": 63.0327
            },
            "Scale": {
              "ScaleX": 1.0,
              "ScaleY": 1.0
            },
            "CColor": {
              "R": 0,
              "G": 0,
              "B": 0
            },
            "IconVisible": false,
            "PrePosition": {
              "X": 0.0,
              "Y": 0.0
            },
            "PreSize": {
              "X": 0.0,
              "Y": 0.0
            },
            "LeftMargin": -34.4934,
            "RightMargin": -361.5066,
            "TopMargin": -84.0327,
            "BottomMargin": 42.0327,
            "Tag": 16,
            "ActionTag": 726814036,
            "Size": {
              "X": 416.0,
              "Y": 42.0
            },
            "Name": "Text_5",
            "ctype": "TextObjectData"
          },
          {
            "FontSize": 36,
            "LabelText": "お題説明■お題説明■お題説明\nお題説明■お題説明■お題説明\nお題説明■お題説明■お題説明",
            "OutlineSize": 0,
            "OutlineColor": {
              "G": 0,
              "B": 0
            },
            "ShadowColor": {
              "R": 110,
              "G": 110,
              "B": 110
            },
            "ShadowOffsetX": 0,
            "ShadowOffsetY": 0,
            "AnchorPoint": {
              "ScaleX": 0.5,
              "ScaleY": 0.5
            },
            "Position": {
              "X": 165.0012,
              "Y": -52.1424
            },
            "Scale": {
              "ScaleX": 1.0,
              "ScaleY": 1.0
            },
            "CColor": {
              "R": 0,
              "G": 0,
              "B": 0
            },
            "IconVisible": false,
            "PrePosition": {
              "X": 0.0,
              "Y": 0.0
            },
            "PreSize": {
              "X": 0.0,
              "Y": 0.0
            },
            "LeftMargin": -72.4988,
            "RightMargin": -402.5012,
            "TopMargin": -10.8576,
            "BottomMargin": -115.1424,
            "Tag": 15,
            "ActionTag": 271189560,
            "Size": {
              "X": 475.0,
              "Y": 126.0
            },
            "Name": "Text_4",
            "ctype": "TextObjectData"
          },
          {
            "FontSize": 43,
            "LabelText": "会話を5回以上しろ！",
            "OutlineSize": 0,
            "OutlineColor": {
              "G": 0,
              "B": 0
            },
            "ShadowColor": {
              "R": 110,
              "G": 110,
              "B": 110
            },
            "ShadowOffsetX": 0,
            "ShadowOffsetY": 0,
            "AnchorPoint": {
              "ScaleX": 0.5,
              "ScaleY": 0.5
            },
            "Position": {
              "X": 171.0044,
              "Y": 174.8586
            },
            "Scale": {
              "ScaleX": 1.0,
              "ScaleY": 1.0
            },
            "CColor": {},
            "IconVisible": false,
            "PrePosition": {
              "X": 0.0,
              "Y": 0.0
            },
            "PreSize": {
              "X": 0.0,
              "Y": 0.0
            },
            "LeftMargin": -45.9956,
            "RightMargin": -388.0044,
            "TopMargin": -199.3586,
            "BottomMargin": 150.3586,
            "Tag": 11,
            "ActionTag": 1170050322,
            "Size": {
              "X": 410.0,
              "Y": 49.0
            },
            "Name": "Text_1",
            "ctype": "TextObjectData"
          }
        ],
        "Size": {
          "X": 0.0,
          "Y": 0.0
        },
        "Name": "Node",
        "ctype": "SingleNodeObjectData"
      },
      "UsedResources": [
        "tema_bg.png"
      ],
      "ctype": "GameProjectData"
    }
  },
  "Type": "Node"
}